,L,L_str,R,R_str,V(out),W
0,0.1,0.1u,1.0,1.0,0.02108583,-0.00030910576
1,0.1,0.1u,1.4384498882876628,1.4384498882876628,0.019585943,-0.00037812805
2,0.1,0.1u,2.0691380811147897,2.0691380811147897,0.019476563,-0.0003078966
3,0.1,0.1u,2.976351441631318,2.976351441631318,0.01885677,-0.00025668103
4,0.1,0.1u,4.281332398719393,4.281332398719393,0.017617526,-0.000112615846
5,0.1,0.1u,6.158482110660264,6.158482110660264,0.01432739,-0.00017776949
6,0.1,0.1u,8.858667904100825,8.858667904100825,0.011941666,-3.4118595e-05
7,0.1,0.1u,12.742749857031335,12.742749857031335,0.0084870625,0.00029683416
8,0.1,0.1u,18.329807108324356,18.329807108324356,0.0062573613,0.0004086955
9,0.1,0.1u,26.366508987303583,26.366508987303583,0.004177876,0.0004383334
10,0.1,0.1u,37.926901907322495,37.926901907322495,0.003200157,0.0006688033
11,0.1,0.1u,54.55594781168517,54.55594781168517,0.002112564,0.00073030393
12,0.1,0.1u,78.47599703514611,78.47599703514611,0.0015939655,0.00063331774
13,0.1,0.1u,112.88378916846884,112.88378916846884,0.0012423408,0.0005381171
14,0.1,0.1u,162.3776739188721,162.3776739188721,0.0010357264,0.0005412777
15,0.1,0.1u,233.57214690901213,233.57214690901213,0.00086605817,0.000500381
16,0.1,0.1u,335.9818286283781,335.9818286283781,0.00059975055,0.00040778986
17,0.1,0.1u,483.2930238571752,483.2930238571752,0.00026673294,0.00032142657
18,0.1,0.1u,695.1927961775606,695.1927961775606,0.00026912734,0.0002525752
19,0.1,0.1u,1000.0,1000.0,0.0003087974,0.00021011179
20,0.16237767391887217,0.16237767391887217u,1.0,1.0,0.021494117,-0.00013608756
21,0.16237767391887217,0.16237767391887217u,1.4384498882876628,1.4384498882876628,0.020611912,-0.000169112
22,0.16237767391887217,0.16237767391887217u,2.0691380811147897,2.0691380811147897,0.020806093,-0.00015222706
23,0.16237767391887217,0.16237767391887217u,2.976351441631318,2.976351441631318,0.02010835,-8.917743e-05
24,0.16237767391887217,0.16237767391887217u,4.281332398719393,4.281332398719393,0.01895539,-8.058315e-05
25,0.16237767391887217,0.16237767391887217u,6.158482110660264,6.158482110660264,0.017844751,1.3468855e-05
26,0.16237767391887217,0.16237767391887217u,8.858667904100825,8.858667904100825,0.015954133,1.0252247e-06
27,0.16237767391887217,0.16237767391887217u,12.742749857031335,12.742749857031335,0.012228996,0.00012957056
28,0.16237767391887217,0.16237767391887217u,18.329807108324356,18.329807108324356,0.009247071,0.00035607323
29,0.16237767391887217,0.16237767391887217u,26.366508987303583,26.366508987303583,0.0069926293,0.00044811267
30,0.16237767391887217,0.16237767391887217u,37.926901907322495,37.926901907322495,0.0039084572,0.0005778999
31,0.16237767391887217,0.16237767391887217u,54.55594781168517,54.55594781168517,0.003069168,0.0005742377
32,0.16237767391887217,0.16237767391887217u,78.47599703514611,78.47599703514611,0.0024797337,0.00066155195
33,0.16237767391887217,0.16237767391887217u,112.88378916846884,112.88378916846884,0.0016551394,0.00058250903
34,0.16237767391887217,0.16237767391887217u,162.3776739188721,162.3776739188721,0.0013290014,0.0005522036
35,0.16237767391887217,0.16237767391887217u,233.57214690901213,233.57214690901213,0.001090398,0.00048222928
36,0.16237767391887217,0.16237767391887217u,335.9818286283781,335.9818286283781,0.0010736141,0.00041313178
37,0.16237767391887217,0.16237767391887217u,483.2930238571752,483.2930238571752,0.0009316961,0.00033371637
38,0.16237767391887217,0.16237767391887217u,695.1927961775606,695.1927961775606,0.00035397094,0.00025497496
39,0.16237767391887217,0.16237767391887217u,1000.0,1000.0,0.00035683688,0.00020342367
40,0.26366508987303583,0.26366508987303583u,1.0,1.0,0.020703819,5.450681e-05
41,0.26366508987303583,0.26366508987303583u,1.4384498882876628,1.4384498882876628,0.01652183,3.218867e-06
42,0.26366508987303583,0.26366508987303583u,2.0691380811147897,2.0691380811147897,0.02003965,6.3380285e-05
43,0.26366508987303583,0.26366508987303583u,2.976351441631318,2.976351441631318,0.01775515,4.437597e-05
44,0.26366508987303583,0.26366508987303583u,4.281332398719393,4.281332398719393,0.016860226,9.3480194e-05
45,0.26366508987303583,0.26366508987303583u,6.158482110660264,6.158482110660264,0.018863346,0.00021481811
46,0.26366508987303583,0.26366508987303583u,8.858667904100825,8.858667904100825,0.015299815,0.0001918263
47,0.26366508987303583,0.26366508987303583u,12.742749857031335,12.742749857031335,0.01482215,0.0003681461
48,0.26366508987303583,0.26366508987303583u,18.329807108324356,18.329807108324356,0.012963627,0.0002780202
49,0.26366508987303583,0.26366508987303583u,26.366508987303583,26.366508987303583,0.010087659,0.00043842176
50,0.26366508987303583,0.26366508987303583u,37.926901907322495,37.926901907322495,0.0064380555,0.0004970676
51,0.26366508987303583,0.26366508987303583u,54.55594781168517,54.55594781168517,0.0045496775,0.00065108883
52,0.26366508987303583,0.26366508987303583u,78.47599703514611,78.47599703514611,0.003148141,0.00066531997
53,0.26366508987303583,0.26366508987303583u,112.88378916846884,112.88378916846884,0.002276305,0.00061387
54,0.26366508987303583,0.26366508987303583u,162.3776739188721,162.3776739188721,0.0018024894,0.00054192817
55,0.26366508987303583,0.26366508987303583u,233.57214690901213,233.57214690901213,0.0015749552,0.00047044217
56,0.26366508987303583,0.26366508987303583u,335.9818286283781,335.9818286283781,0.0009504929,0.00041698915
57,0.26366508987303583,0.26366508987303583u,483.2930238571752,483.2930238571752,0.0010907128,0.00033481547
58,0.26366508987303583,0.26366508987303583u,695.1927961775606,695.1927961775606,0.0010899552,0.000258268
59,0.26366508987303583,0.26366508987303583u,1000.0,1000.0,0.0009866911,0.00021117897
60,0.42813323987193935,0.42813323987193935u,1.0,1.0,0.011091288,1.1495119e-05
61,0.42813323987193935,0.42813323987193935u,1.4384498882876628,1.4384498882876628,0.009366097,2.8797154e-05
62,0.42813323987193935,0.42813323987193935u,2.0691380811147897,2.0691380811147897,0.014573516,4.7607995e-05
63,0.42813323987193935,0.42813323987193935u,2.976351441631318,2.976351441631318,0.013061366,4.3894357e-05
64,0.42813323987193935,0.42813323987193935u,4.281332398719393,4.281332398719393,0.012848373,0.0001407516
65,0.42813323987193935,0.42813323987193935u,6.158482110660264,6.158482110660264,0.0144527275,0.00017216442
66,0.42813323987193935,0.42813323987193935u,8.858667904100825,8.858667904100825,0.015752075,0.0001417192
67,0.42813323987193935,0.42813323987193935u,12.742749857031335,12.742749857031335,0.01608971,0.0002109559
68,0.42813323987193935,0.42813323987193935u,18.329807108324356,18.329807108324356,0.014007133,0.00028774375
69,0.42813323987193935,0.42813323987193935u,26.366508987303583,26.366508987303583,0.0120386705,0.00043469056
70,0.42813323987193935,0.42813323987193935u,37.926901907322495,37.926901907322495,0.00958696,0.00055022124
71,0.42813323987193935,0.42813323987193935u,54.55594781168517,54.55594781168517,0.006052659,0.0005234944
72,0.42813323987193935,0.42813323987193935u,78.47599703514611,78.47599703514611,0.0048937965,0.000608021
73,0.42813323987193935,0.42813323987193935u,112.88378916846884,112.88378916846884,0.0031574522,0.0007186417
74,0.42813323987193935,0.42813323987193935u,162.3776739188721,162.3776739188721,0.0022264821,0.0005695879
75,0.42813323987193935,0.42813323987193935u,233.57214690901213,233.57214690901213,0.0018037636,0.00048639503
76,0.42813323987193935,0.42813323987193935u,335.9818286283781,335.9818286283781,0.0014099895,0.00038885436
77,0.42813323987193935,0.42813323987193935u,483.2930238571752,483.2930238571752,0.0010535783,0.00031268952
78,0.42813323987193935,0.42813323987193935u,695.1927961775606,695.1927961775606,0.0013497479,0.00027070305
79,0.42813323987193935,0.42813323987193935u,1000.0,1000.0,0.0014172343,0.00020889101
80,0.6951927961775606,0.6951927961775606u,1.0,1.0,0.013574697,9.49969e-05
81,0.6951927961775606,0.6951927961775606u,1.4384498882876628,1.4384498882876628,0.012177128,0.000114942006
82,0.6951927961775606,0.6951927961775606u,2.0691380811147897,2.0691380811147897,0.011954259,0.0001096077
83,0.6951927961775606,0.6951927961775606u,2.976351441631318,2.976351441631318,0.011221511,0.00011074756
84,0.6951927961775606,0.6951927961775606u,4.281332398719393,4.281332398719393,0.010166814,0.00013564732
85,0.6951927961775606,0.6951927961775606u,6.158482110660264,6.158482110660264,0.011988585,0.000117656105
86,0.6951927961775606,0.6951927961775606u,8.858667904100825,8.858667904100825,0.015579594,0.00020149123
87,0.6951927961775606,0.6951927961775606u,12.742749857031335,12.742749857031335,0.013270386,0.00012539297
88,0.6951927961775606,0.6951927961775606u,18.329807108324356,18.329807108324356,0.012191213,0.00017691824
89,0.6951927961775606,0.6951927961775606u,26.366508987303583,26.366508987303583,0.009452766,0.00023221623
90,0.6951927961775606,0.6951927961775606u,37.926901907322495,37.926901907322495,0.008890522,0.0002997877
91,0.6951927961775606,0.6951927961775606u,54.55594781168517,54.55594781168517,0.0081091,0.00043809018
92,0.6951927961775606,0.6951927961775606u,78.47599703514611,78.47599703514611,0.0054354467,0.000504412
93,0.6951927961775606,0.6951927961775606u,112.88378916846884,112.88378916846884,0.0036954351,0.00053526444
94,0.6951927961775606,0.6951927961775606u,162.3776739188721,162.3776739188721,0.0034892354,0.0005013498
95,0.6951927961775606,0.6951927961775606u,233.57214690901213,233.57214690901213,0.0020796983,0.00047404616
96,0.6951927961775606,0.6951927961775606u,335.9818286283781,335.9818286283781,0.001240287,0.00037502949
97,0.6951927961775606,0.6951927961775606u,483.2930238571752,483.2930238571752,0.0008596407,0.0003254698
98,0.6951927961775606,0.6951927961775606u,695.1927961775606,695.1927961775606,0.0008458259,0.00024934023
99,0.6951927961775606,0.6951927961775606u,1000.0,1000.0,0.0008123084,0.00019249808
100,1.1288378916846888,1.1288378916846888u,1.0,1.0,0.022544358,5.6950397e-05
101,1.1288378916846888,1.1288378916846888u,1.4384498882876628,1.4384498882876628,0.020498093,5.6382556e-05
102,1.1288378916846888,1.1288378916846888u,2.0691380811147897,2.0691380811147897,0.020233657,6.0946826e-05
103,1.1288378916846888,1.1288378916846888u,2.976351441631318,2.976351441631318,0.018804416,6.9303445e-05
104,1.1288378916846888,1.1288378916846888u,4.281332398719393,4.281332398719393,0.017851226,7.958475e-05
105,1.1288378916846888,1.1288378916846888u,6.158482110660264,6.158482110660264,0.016620649,6.4158994e-05
106,1.1288378916846888,1.1288378916846888u,8.858667904100825,8.858667904100825,0.014853944,0.00011142761
107,1.1288378916846888,1.1288378916846888u,12.742749857031335,12.742749857031335,0.009662816,9.7315075e-05
108,1.1288378916846888,1.1288378916846888u,18.329807108324356,18.329807108324356,0.008900883,0.00011373368
109,1.1288378916846888,1.1288378916846888u,26.366508987303583,26.366508987303583,0.0074389875,0.00019360776
110,1.1288378916846888,1.1288378916846888u,37.926901907322495,37.926901907322495,0.0075529236,0.00022422885
111,1.1288378916846888,1.1288378916846888u,54.55594781168517,54.55594781168517,0.008799756,0.00026898546
112,1.1288378916846888,1.1288378916846888u,78.47599703514611,78.47599703514611,0.0064117224,0.00038129333
113,1.1288378916846888,1.1288378916846888u,112.88378916846884,112.88378916846884,0.0038869535,0.0003908122
114,1.1288378916846888,1.1288378916846888u,162.3776739188721,162.3776739188721,0.0025944249,0.00046245742
115,1.1288378916846888,1.1288378916846888u,233.57214690901213,233.57214690901213,0.0017106859,0.00043517712
116,1.1288378916846888,1.1288378916846888u,335.9818286283781,335.9818286283781,0.0018935023,0.00036445487
117,1.1288378916846888,1.1288378916846888u,483.2930238571752,483.2930238571752,0.0015328061,0.00031986577
118,1.1288378916846888,1.1288378916846888u,695.1927961775606,695.1927961775606,0.0012052632,0.0002479177
119,1.1288378916846888,1.1288378916846888u,1000.0,1000.0,0.0020247903,0.00019719797
120,1.8329807108324356,1.8329807108324356u,1.0,1.0,0.03550252,2.1941003e-05
121,1.8329807108324356,1.8329807108324356u,1.4384498882876628,1.4384498882876628,0.03360229,3.1043146e-05
122,1.8329807108324356,1.8329807108324356u,2.0691380811147897,2.0691380811147897,0.03365776,3.7181602e-05
123,1.8329807108324356,1.8329807108324356u,2.976351441631318,2.976351441631318,0.030823965,6.3518484e-05
124,1.8329807108324356,1.8329807108324356u,4.281332398719393,4.281332398719393,0.029389316,5.1229694e-05
125,1.8329807108324356,1.8329807108324356u,6.158482110660264,6.158482110660264,0.027843947,6.215229e-05
126,1.8329807108324356,1.8329807108324356u,8.858667904100825,8.858667904100825,0.026754927,7.545012e-05
127,1.8329807108324356,1.8329807108324356u,12.742749857031335,12.742749857031335,0.022077842,9.1373644e-05
128,1.8329807108324356,1.8329807108324356u,18.329807108324356,18.329807108324356,0.018079929,0.000107229454
129,1.8329807108324356,1.8329807108324356u,26.366508987303583,26.366508987303583,0.009711417,0.000118149335
130,1.8329807108324356,1.8329807108324356u,37.926901907322495,37.926901907322495,0.0062916824,0.00013845021
131,1.8329807108324356,1.8329807108324356u,54.55594781168517,54.55594781168517,0.0047186487,0.00018356949
132,1.8329807108324356,1.8329807108324356u,78.47599703514611,78.47599703514611,0.005544738,0.00022538641
133,1.8329807108324356,1.8329807108324356u,112.88378916846884,112.88378916846884,0.0038817055,0.00028079213
134,1.8329807108324356,1.8329807108324356u,162.3776739188721,162.3776739188721,0.0034632243,0.00033097586
135,1.8329807108324356,1.8329807108324356u,233.57214690901213,233.57214690901213,0.0011908524,0.00035161307
136,1.8329807108324356,1.8329807108324356u,335.9818286283781,335.9818286283781,0.0011718494,0.00030584278
137,1.8329807108324356,1.8329807108324356u,483.2930238571752,483.2930238571752,0.00083851564,0.0002719966
138,1.8329807108324356,1.8329807108324356u,695.1927961775606,695.1927961775606,0.0018964835,0.00025701185
139,1.8329807108324356,1.8329807108324356u,1000.0,1000.0,0.00108684,0.00017993007
140,2.9763514416313175,2.9763514416313175u,1.0,1.0,0.05399413,7.596304e-05
141,2.9763514416313175,2.9763514416313175u,1.4384498882876628,1.4384498882876628,0.05714758,5.99353e-05
142,2.9763514416313175,2.9763514416313175u,2.0691380811147897,2.0691380811147897,0.05603533,9.7127726e-05
143,2.9763514416313175,2.9763514416313175u,2.976351441631318,2.976351441631318,0.049692012,9.4371346e-05
144,2.9763514416313175,2.9763514416313175u,4.281332398719393,4.281332398719393,0.054575462,8.529517e-05
145,2.9763514416313175,2.9763514416313175u,6.158482110660264,6.158482110660264,0.047253933,7.615216e-05
146,2.9763514416313175,2.9763514416313175u,8.858667904100825,8.858667904100825,0.04181812,9.4031115e-05
147,2.9763514416313175,2.9763514416313175u,12.742749857031335,12.742749857031335,0.032165162,9.09984e-05
148,2.9763514416313175,2.9763514416313175u,18.329807108324356,18.329807108324356,0.031178396,7.726034e-05
149,2.9763514416313175,2.9763514416313175u,26.366508987303583,26.366508987303583,0.021804478,8.2577375e-05
150,2.9763514416313175,2.9763514416313175u,37.926901907322495,37.926901907322495,0.014729845,0.00010605285
151,2.9763514416313175,2.9763514416313175u,54.55594781168517,54.55594781168517,0.0033243236,0.00011149169
152,2.9763514416313175,2.9763514416313175u,78.47599703514611,78.47599703514611,0.0072152913,0.00015531073
153,2.9763514416313175,2.9763514416313175u,112.88378916846884,112.88378916846884,0.001703747,0.00017386106
154,2.9763514416313175,2.9763514416313175u,162.3776739188721,162.3776739188721,0.0019488359,0.00020811155
155,2.9763514416313175,2.9763514416313175u,233.57214690901213,233.57214690901213,0.002332185,0.0002588017
156,2.9763514416313175,2.9763514416313175u,335.9818286283781,335.9818286283781,0.0018102713,0.0002634921
157,2.9763514416313175,2.9763514416313175u,483.2930238571752,483.2930238571752,0.0012928592,0.00023726701
158,2.9763514416313175,2.9763514416313175u,695.1927961775606,695.1927961775606,0.0028979164,0.00021614939
159,2.9763514416313175,2.9763514416313175u,1000.0,1000.0,0.0024090798,0.0001807967
160,4.832930238571752,4.832930238571752u,1.0,1.0,0.095847525,7.5243847e-06
161,4.832930238571752,4.832930238571752u,1.4384498882876628,1.4384498882876628,0.08923507,2.1394719e-05
162,4.832930238571752,4.832930238571752u,2.0691380811147897,2.0691380811147897,0.081998035,1.916553e-05
163,4.832930238571752,4.832930238571752u,2.976351441631318,2.976351441631318,0.080874,1.2148166e-05
164,4.832930238571752,4.832930238571752u,4.281332398719393,4.281332398719393,0.08577846,2.7149625e-05
165,4.832930238571752,4.832930238571752u,6.158482110660264,6.158482110660264,0.066269286,4.229824e-05
166,4.832930238571752,4.832930238571752u,8.858667904100825,8.858667904100825,0.067059055,3.896441e-05
167,4.832930238571752,4.832930238571752u,12.742749857031335,12.742749857031335,0.057769913,3.0024423e-05
168,4.832930238571752,4.832930238571752u,18.329807108324356,18.329807108324356,0.050088417,5.028655e-05
169,4.832930238571752,4.832930238571752u,26.366508987303583,26.366508987303583,0.042853884,5.6581663e-05
170,4.832930238571752,4.832930238571752u,37.926901907322495,37.926901907322495,0.0331321,7.268159e-05
171,4.832930238571752,4.832930238571752u,54.55594781168517,54.55594781168517,0.024262078,8.383422e-05
172,4.832930238571752,4.832930238571752u,78.47599703514611,78.47599703514611,0.009444267,9.706688e-05
173,4.832930238571752,4.832930238571752u,112.88378916846884,112.88378916846884,0.00920138,0.0001516312
174,4.832930238571752,4.832930238571752u,162.3776739188721,162.3776739188721,0.008794017,0.0001576705
175,4.832930238571752,4.832930238571752u,233.57214690901213,233.57214690901213,0.003632234,0.00018422557
176,4.832930238571752,4.832930238571752u,335.9818286283781,335.9818286283781,0.003430464,0.0002103251
177,4.832930238571752,4.832930238571752u,483.2930238571752,483.2930238571752,0.0022424392,0.00018967138
178,4.832930238571752,4.832930238571752u,695.1927961775606,695.1927961775606,0.0042452933,0.00019133522
179,4.832930238571752,4.832930238571752u,1000.0,1000.0,0.005332173,0.0001633752
180,7.847599703514611,7.847599703514611u,1.0,1.0,0.13474505,-1.006852e-05
181,7.847599703514611,7.847599703514611u,1.4384498882876628,1.4384498882876628,0.13543037,-4.530621e-06
182,7.847599703514611,7.847599703514611u,2.0691380811147897,2.0691380811147897,0.13566561,-1.0418158e-05
183,7.847599703514611,7.847599703514611u,2.976351441631318,2.976351441631318,0.13343313,1.430929e-07
184,7.847599703514611,7.847599703514611u,4.281332398719393,4.281332398719393,0.12296448,-6.1937512e-06
185,7.847599703514611,7.847599703514611u,6.158482110660264,6.158482110660264,0.10633918,3.3327271e-06
186,7.847599703514611,7.847599703514611u,8.858667904100825,8.858667904100825,0.10157858,3.423098e-06
187,7.847599703514611,7.847599703514611u,12.742749857031335,12.742749857031335,0.11584121,7.145654e-06
188,7.847599703514611,7.847599703514611u,18.329807108324356,18.329807108324356,0.095413275,1.6040116e-05
189,7.847599703514611,7.847599703514611u,26.366508987303583,26.366508987303583,0.080637805,4.0149724e-05
190,7.847599703514611,7.847599703514611u,37.926901907322495,37.926901907322495,0.05653932,3.719947e-05
191,7.847599703514611,7.847599703514611u,54.55594781168517,54.55594781168517,0.03903594,5.498144e-05
192,7.847599703514611,7.847599703514611u,78.47599703514611,78.47599703514611,0.028182486,4.842267e-05
193,7.847599703514611,7.847599703514611u,112.88378916846884,112.88378916846884,0.018997595,8.544266e-05
194,7.847599703514611,7.847599703514611u,162.3776739188721,162.3776739188721,0.010387449,9.477652e-05
195,7.847599703514611,7.847599703514611u,233.57214690901213,233.57214690901213,0.004357745,0.00011767151
196,7.847599703514611,7.847599703514611u,335.9818286283781,335.9818286283781,0.002360115,0.00013471801
197,7.847599703514611,7.847599703514611u,483.2930238571752,483.2930238571752,0.006451526,0.0001572055
198,7.847599703514611,7.847599703514611u,695.1927961775606,695.1927961775606,0.0052770777,0.00014578771
199,7.847599703514611,7.847599703514611u,1000.0,1000.0,0.0063836006,0.00014218352
200,12.742749857031335,12.742749857031335u,1.0,1.0,0.22587869,-2.1371256e-06
201,12.742749857031335,12.742749857031335u,1.4384498882876628,1.4384498882876628,0.22498977,-2.2035383e-06
202,12.742749857031335,12.742749857031335u,2.0691380811147897,2.0691380811147897,0.22131324,-9.441733e-06
203,12.742749857031335,12.742749857031335u,2.976351441631318,2.976351441631318,0.20792118,-1.8197034e-05
204,12.742749857031335,12.742749857031335u,4.281332398719393,4.281332398719393,0.20787701,-1.4142877e-05
205,12.742749857031335,12.742749857031335u,6.158482110660264,6.158482110660264,0.20360525,-1.0467865e-05
206,12.742749857031335,12.742749857031335u,8.858667904100825,8.858667904100825,0.18547678,-9.047789e-06
207,12.742749857031335,12.742749857031335u,12.742749857031335,12.742749857031335,0.15484066,-6.441926e-06
208,12.742749857031335,12.742749857031335u,18.329807108324356,18.329807108324356,0.12988658,-2.256459e-07
209,12.742749857031335,12.742749857031335u,26.366508987303583,26.366508987303583,0.10769419,2.3569562e-06
210,12.742749857031335,12.742749857031335u,37.926901907322495,37.926901907322495,0.0895037,1.3913231e-05
211,12.742749857031335,12.742749857031335u,54.55594781168517,54.55594781168517,0.06735009,2.101971e-05
212,12.742749857031335,12.742749857031335u,78.47599703514611,78.47599703514611,0.053871702,4.2980737e-05
213,12.742749857031335,12.742749857031335u,112.88378916846884,112.88378916846884,0.03471464,4.2843778e-05
214,12.742749857031335,12.742749857031335u,162.3776739188721,162.3776739188721,0.02730548,5.287751e-05
215,12.742749857031335,12.742749857031335u,233.57214690901213,233.57214690901213,0.017311309,8.0667145e-05
216,12.742749857031335,12.742749857031335u,335.9818286283781,335.9818286283781,0.011371032,0.0001015288
217,12.742749857031335,12.742749857031335u,483.2930238571752,483.2930238571752,0.010933423,0.000116639705
218,12.742749857031335,12.742749857031335u,695.1927961775606,695.1927961775606,0.009244454,0.00011176135
219,12.742749857031335,12.742749857031335u,1000.0,1000.0,0.007987168,0.00011467858
220,20.6913808111479,20.6913808111479u,1.0,1.0,0.30784303,-2.6342224e-05
221,20.6913808111479,20.6913808111479u,1.4384498882876628,1.4384498882876628,0.30762836,-2.7771e-05
222,20.6913808111479,20.6913808111479u,2.0691380811147897,2.0691380811147897,0.3066805,-2.4183142e-05
223,20.6913808111479,20.6913808111479u,2.976351441631318,2.976351441631318,0.30516028,-2.6559537e-05
224,20.6913808111479,20.6913808111479u,4.281332398719393,4.281332398719393,0.2963432,-2.4311956e-05
225,20.6913808111479,20.6913808111479u,6.158482110660264,6.158482110660264,0.28686437,-2.186024e-05
226,20.6913808111479,20.6913808111479u,8.858667904100825,8.858667904100825,0.26746994,-2.0188223e-05
227,20.6913808111479,20.6913808111479u,12.742749857031335,12.742749857031335,0.23681311,4.3371706e-06
228,20.6913808111479,20.6913808111479u,18.329807108324356,18.329807108324356,0.23375495,-8.277811e-06
229,20.6913808111479,20.6913808111479u,26.366508987303583,26.366508987303583,0.19700682,3.0138408e-06
230,20.6913808111479,20.6913808111479u,37.926901907322495,37.926901907322495,0.15787646,-5.4480734e-06
231,20.6913808111479,20.6913808111479u,54.55594781168517,54.55594781168517,0.12809105,-4.5972033e-06
232,20.6913808111479,20.6913808111479u,78.47599703514611,78.47599703514611,0.11409531,1.3784349e-05
233,20.6913808111479,20.6913808111479u,112.88378916846884,112.88378916846884,0.07710071,3.9240927e-05
234,20.6913808111479,20.6913808111479u,162.3776739188721,162.3776739188721,0.051594835,3.984183e-05
235,20.6913808111479,20.6913808111479u,233.57214690901213,233.57214690901213,0.0403483,4.24359e-05
236,20.6913808111479,20.6913808111479u,335.9818286283781,335.9818286283781,0.028120631,5.9218997e-05
237,20.6913808111479,20.6913808111479u,483.2930238571752,483.2930238571752,0.018670425,8.628163e-05
238,20.6913808111479,20.6913808111479u,695.1927961775606,695.1927961775606,0.015668426,8.4696854e-05
239,20.6913808111479,20.6913808111479u,1000.0,1000.0,0.011511427,8.4788895e-05
240,33.59818286283781,33.59818286283781u,1.0,1.0,0.34566194,-2.136545e-05
241,33.59818286283781,33.59818286283781u,1.4384498882876628,1.4384498882876628,0.34470364,-2.3967832e-05
242,33.59818286283781,33.59818286283781u,2.0691380811147897,2.0691380811147897,0.3427753,-2.278152e-05
243,33.59818286283781,33.59818286283781u,2.976351441631318,2.976351441631318,0.3407824,-2.3411323e-05
244,33.59818286283781,33.59818286283781u,4.281332398719393,4.281332398719393,0.33759785,-2.2413858e-05
245,33.59818286283781,33.59818286283781u,6.158482110660264,6.158482110660264,0.33202884,-2.385888e-05
246,33.59818286283781,33.59818286283781u,8.858667904100825,8.858667904100825,0.32041585,-2.5099987e-05
247,33.59818286283781,33.59818286283781u,12.742749857031335,12.742749857031335,0.30469897,-2.2587938e-05
248,33.59818286283781,33.59818286283781u,18.329807108324356,18.329807108324356,0.28746885,-1.6470669e-05
249,33.59818286283781,33.59818286283781u,26.366508987303583,26.366508987303583,0.27354994,-1.867436e-05
250,33.59818286283781,33.59818286283781u,37.926901907322495,37.926901907322495,0.24764009,-1.44421965e-05
251,33.59818286283781,33.59818286283781u,54.55594781168517,54.55594781168517,0.20982185,-8.744546e-06
252,33.59818286283781,33.59818286283781u,78.47599703514611,78.47599703514611,0.17934561,1.415842e-07
253,33.59818286283781,33.59818286283781u,112.88378916846884,112.88378916846884,0.14377627,1.0210894e-05
254,33.59818286283781,33.59818286283781u,162.3776739188721,162.3776739188721,0.10544062,1.2168831e-05
255,33.59818286283781,33.59818286283781u,233.57214690901213,233.57214690901213,0.07282254,2.109289e-05
256,33.59818286283781,33.59818286283781u,335.9818286283781,335.9818286283781,0.053849526,4.470331e-05
257,33.59818286283781,33.59818286283781u,483.2930238571752,483.2930238571752,0.042092957,5.2174368e-05
258,33.59818286283781,33.59818286283781u,695.1927961775606,695.1927961775606,0.032792903,6.2363804e-05
259,33.59818286283781,33.59818286283781u,1000.0,1000.0,0.026243586,6.553903e-05
260,54.555947811685144,54.555947811685144u,1.0,1.0,0.37124497,-3.0375568e-05
261,54.555947811685144,54.555947811685144u,1.4384498882876628,1.4384498882876628,0.3724933,-2.9914718e-05
262,54.555947811685144,54.555947811685144u,2.0691380811147897,2.0691380811147897,0.37092102,-2.5777446e-05
263,54.555947811685144,54.555947811685144u,2.976351441631318,2.976351441631318,0.36831528,-2.6460179e-05
264,54.555947811685144,54.555947811685144u,4.281332398719393,4.281332398719393,0.36512417,-2.25912e-05
265,54.555947811685144,54.555947811685144u,6.158482110660264,6.158482110660264,0.35717708,-2.1887232e-05
266,54.555947811685144,54.555947811685144u,8.858667904100825,8.858667904100825,0.3480931,-1.9487132e-05
267,54.555947811685144,54.555947811685144u,12.742749857031335,12.742749857031335,0.34236425,-2.341537e-05
268,54.555947811685144,54.555947811685144u,18.329807108324356,18.329807108324356,0.32949924,-1.3958449e-05
269,54.555947811685144,54.555947811685144u,26.366508987303583,26.366508987303583,0.31444794,-1.3750389e-05
270,54.555947811685144,54.555947811685144u,37.926901907322495,37.926901907322495,0.29693267,-2.2584045e-06
271,54.555947811685144,54.555947811685144u,54.55594781168517,54.55594781168517,0.2710171,-5.4318507e-06
272,54.555947811685144,54.555947811685144u,78.47599703514611,78.47599703514611,0.23428738,-8.2423085e-06
273,54.555947811685144,54.555947811685144u,112.88378916846884,112.88378916846884,0.20471852,-4.983387e-06
274,54.555947811685144,54.555947811685144u,162.3776739188721,162.3776739188721,0.16497223,6.532391e-07
275,54.555947811685144,54.555947811685144u,233.57214690901213,233.57214690901213,0.12976846,4.8034767e-06
276,54.555947811685144,54.555947811685144u,335.9818286283781,335.9818286283781,0.094663896,2.0129439e-05
277,54.555947811685144,54.555947811685144u,483.2930238571752,483.2930238571752,0.067816205,2.691802e-05
278,54.555947811685144,54.555947811685144u,695.1927961775606,695.1927961775606,0.065134734,4.283018e-05
279,54.555947811685144,54.555947811685144u,1000.0,1000.0,0.04546102,4.948147e-05
280,88.58667904100822,88.58667904100822u,1.0,1.0,0.38266546,-1.871685e-05
281,88.58667904100822,88.58667904100822u,1.4384498882876628,1.4384498882876628,0.38186994,-1.8562889e-05
282,88.58667904100822,88.58667904100822u,2.0691380811147897,2.0691380811147897,0.3804223,-2.1462885e-05
283,88.58667904100822,88.58667904100822u,2.976351441631318,2.976351441631318,0.37996566,-2.3699311e-05
284,88.58667904100822,88.58667904100822u,4.281332398719393,4.281332398719393,0.3756271,-3.1313597e-05
285,88.58667904100822,88.58667904100822u,6.158482110660264,6.158482110660264,0.372142,-2.9586019e-05
286,88.58667904100822,88.58667904100822u,8.858667904100825,8.858667904100825,0.36906323,-2.9347555e-05
287,88.58667904100822,88.58667904100822u,12.742749857031335,12.742749857031335,0.3635271,-3.1173025e-05
288,88.58667904100822,88.58667904100822u,18.329807108324356,18.329807108324356,0.33827394,-1.896967e-05
289,88.58667904100822,88.58667904100822u,26.366508987303583,26.366508987303583,0.3245126,-2.0391031e-05
290,88.58667904100822,88.58667904100822u,37.926901907322495,37.926901907322495,0.31492135,-2.0399677e-05
291,88.58667904100822,88.58667904100822u,54.55594781168517,54.55594781168517,0.2920373,-1.7283177e-05
292,88.58667904100822,88.58667904100822u,78.47599703514611,78.47599703514611,0.26656047,-1.420916e-05
293,88.58667904100822,88.58667904100822u,112.88378916846884,112.88378916846884,0.234711,-1.2664056e-05
294,88.58667904100822,88.58667904100822u,162.3776739188721,162.3776739188721,0.20483324,1.0957692e-05
295,88.58667904100822,88.58667904100822u,233.57214690901213,233.57214690901213,0.18220332,-2.7714766e-06
296,88.58667904100822,88.58667904100822u,335.9818286283781,335.9818286283781,0.1500491,9.354244e-06
297,88.58667904100822,88.58667904100822u,483.2930238571752,483.2930238571752,0.116235435,1.0192374e-05
298,88.58667904100822,88.58667904100822u,695.1927961775606,695.1927961775606,0.08845072,2.5581243e-05
299,88.58667904100822,88.58667904100822u,1000.0,1000.0,0.06786928,3.589641e-05
300,143.8449888287663,143.8449888287663u,1.0,1.0,0.37793136,-2.5968235e-05
301,143.8449888287663,143.8449888287663u,1.4384498882876628,1.4384498882876628,0.37769884,-2.6459908e-05
302,143.8449888287663,143.8449888287663u,2.0691380811147897,2.0691380811147897,0.37757546,-2.6071111e-05
303,143.8449888287663,143.8449888287663u,2.976351441631318,2.976351441631318,0.37375394,-3.6162575e-05
304,143.8449888287663,143.8449888287663u,4.281332398719393,4.281332398719393,0.37207085,-3.8392576e-05
305,143.8449888287663,143.8449888287663u,6.158482110660264,6.158482110660264,0.37021372,-3.970685e-05
306,143.8449888287663,143.8449888287663u,8.858667904100825,8.858667904100825,0.36879092,-3.83994e-05
307,143.8449888287663,143.8449888287663u,12.742749857031335,12.742749857031335,0.36489305,-3.7809707e-05
308,143.8449888287663,143.8449888287663u,18.329807108324356,18.329807108324356,0.34846395,-2.573051e-05
309,143.8449888287663,143.8449888287663u,26.366508987303583,26.366508987303583,0.3155514,-2.379179e-05
310,143.8449888287663,143.8449888287663u,37.926901907322495,37.926901907322495,0.31108904,-2.24528e-05
311,143.8449888287663,143.8449888287663u,54.55594781168517,54.55594781168517,0.29876414,-2.1499034e-05
312,143.8449888287663,143.8449888287663u,78.47599703514611,78.47599703514611,0.28342038,-2.0534713e-05
313,143.8449888287663,143.8449888287663u,112.88378916846884,112.88378916846884,0.2625112,-1.5212368e-05
314,143.8449888287663,143.8449888287663u,162.3776739188721,162.3776739188721,0.23754227,-1.6086304e-05
315,143.8449888287663,143.8449888287663u,233.57214690901213,233.57214690901213,0.20062542,-1.0365127e-05
316,143.8449888287663,143.8449888287663u,335.9818286283781,335.9818286283781,0.17974378,-4.4076814e-06
317,143.8449888287663,143.8449888287663u,483.2930238571752,483.2930238571752,0.14731711,1.7392597e-06
318,143.8449888287663,143.8449888287663u,695.1927961775606,695.1927961775606,0.117900275,1.9304987e-05
319,143.8449888287663,143.8449888287663u,1000.0,1000.0,0.096149266,2.3080833e-05
320,233.57214690901213,233.57214690901213u,1.0,1.0,0.39128882,-5.37838e-06
321,233.57214690901213,233.57214690901213u,1.4384498882876628,1.4384498882876628,0.39099243,-6.719061e-06
322,233.57214690901213,233.57214690901213u,2.0691380811147897,2.0691380811147897,0.3897996,-5.857808e-06
323,233.57214690901213,233.57214690901213u,2.976351441631318,2.976351441631318,0.38660052,-8.017131e-06
324,233.57214690901213,233.57214690901213u,4.281332398719393,4.281332398719393,0.38371065,-6.417967e-06
325,233.57214690901213,233.57214690901213u,6.158482110660264,6.158482110660264,0.3835774,-8.068638e-06
326,233.57214690901213,233.57214690901213u,8.858667904100825,8.858667904100825,0.38172033,-1.3752627e-05
327,233.57214690901213,233.57214690901213u,12.742749857031335,12.742749857031335,0.3755327,-2.190371e-05
328,233.57214690901213,233.57214690901213u,18.329807108324356,18.329807108324356,0.3707703,-3.4440163e-05
329,233.57214690901213,233.57214690901213u,26.366508987303583,26.366508987303583,0.3613906,-3.0662006e-05
330,233.57214690901213,233.57214690901213u,37.926901907322495,37.926901907322495,0.3217405,-1.5693136e-05
331,233.57214690901213,233.57214690901213u,54.55594781168517,54.55594781168517,0.30859154,-1.4213827e-05
332,233.57214690901213,233.57214690901213u,78.47599703514611,78.47599703514611,0.3027607,-1.6150729e-05
333,233.57214690901213,233.57214690901213u,112.88378916846884,112.88378916846884,0.2772857,-8.058849e-06
334,233.57214690901213,233.57214690901213u,162.3776739188721,162.3776739188721,0.25663742,-1.564449e-05
335,233.57214690901213,233.57214690901213u,233.57214690901213,233.57214690901213,0.2244782,-1.4477948e-05
336,233.57214690901213,233.57214690901213u,335.9818286283781,335.9818286283781,0.1971883,3.3021379e-06
337,233.57214690901213,233.57214690901213u,483.2930238571752,483.2930238571752,0.16798025,1.387742e-05
338,233.57214690901213,233.57214690901213u,695.1927961775606,695.1927961775606,0.14081474,7.843098e-06
339,233.57214690901213,233.57214690901213u,1000.0,1000.0,0.114309445,1.7666021e-05
340,379.2690190732246,379.2690190732246u,1.0,1.0,0.33084258,-3.696941e-05
341,379.2690190732246,379.2690190732246u,1.4384498882876628,1.4384498882876628,0.33274657,-3.813806e-05
342,379.2690190732246,379.2690190732246u,2.0691380811147897,2.0691380811147897,0.33359468,-3.821452e-05
343,379.2690190732246,379.2690190732246u,2.976351441631318,2.976351441631318,0.33348352,-3.696942e-05
344,379.2690190732246,379.2690190732246u,4.281332398719393,4.281332398719393,0.3329727,-3.7955255e-05
345,379.2690190732246,379.2690190732246u,6.158482110660264,6.158482110660264,0.3300914,-3.8154954e-05
346,379.2690190732246,379.2690190732246u,8.858667904100825,8.858667904100825,0.33086747,-3.7053884e-05
347,379.2690190732246,379.2690190732246u,12.742749857031335,12.742749857031335,0.33190387,-3.598497e-05
348,379.2690190732246,379.2690190732246u,18.329807108324356,18.329807108324356,0.32775512,-3.564366e-05
349,379.2690190732246,379.2690190732246u,26.366508987303583,26.366508987303583,0.32143447,-3.41956e-05
350,379.2690190732246,379.2690190732246u,37.926901907322495,37.926901907322495,0.32057494,-3.3990913e-05
351,379.2690190732246,379.2690190732246u,54.55594781168517,54.55594781168517,0.3156547,-3.680298e-05
352,379.2690190732246,379.2690190732246u,78.47599703514611,78.47599703514611,0.30615205,-3.4670316e-05
353,379.2690190732246,379.2690190732246u,112.88378916846884,112.88378916846884,0.29343092,-2.8705963e-05
354,379.2690190732246,379.2690190732246u,162.3776739188721,162.3776739188721,0.2729655,-2.1864449e-05
355,379.2690190732246,379.2690190732246u,233.57214690901213,233.57214690901213,0.24781711,-1.5768092e-05
356,379.2690190732246,379.2690190732246u,335.9818286283781,335.9818286283781,0.21747454,-1.2316274e-05
357,379.2690190732246,379.2690190732246u,483.2930238571752,483.2930238571752,0.18611583,-6.5667547e-07
358,379.2690190732246,379.2690190732246u,695.1927961775606,695.1927961775606,0.15557899,9.6379945e-06
359,379.2690190732246,379.2690190732246u,1000.0,1000.0,0.12836297,9.733432e-06
360,615.8482110660261,615.8482110660261u,1.0,1.0,0.24333505,-3.5149521e-06
361,615.8482110660261,615.8482110660261u,1.4384498882876628,1.4384498882876628,0.24338076,-3.6958124e-06
362,615.8482110660261,615.8482110660261u,2.0691380811147897,2.0691380811147897,0.24324319,-2.933445e-06
363,615.8482110660261,615.8482110660261u,2.976351441631318,2.976351441631318,0.24260215,-3.7300638e-06
364,615.8482110660261,615.8482110660261u,4.281332398719393,4.281332398719393,0.24118719,-3.5456221e-06
365,615.8482110660261,615.8482110660261u,6.158482110660264,6.158482110660264,0.24455579,-5.3312456e-06
366,615.8482110660261,615.8482110660261u,8.858667904100825,8.858667904100825,0.24119747,-1.4919328e-06
367,615.8482110660261,615.8482110660261u,12.742749857031335,12.742749857031335,0.24008508,-4.116975e-06
368,615.8482110660261,615.8482110660261u,18.329807108324356,18.329807108324356,0.23783335,-2.0164014e-06
369,615.8482110660261,615.8482110660261u,26.366508987303583,26.366508987303583,0.23806334,-2.3634545e-06
370,615.8482110660261,615.8482110660261u,37.926901907322495,37.926901907322495,0.23628335,-4.6356504e-06
371,615.8482110660261,615.8482110660261u,54.55594781168517,54.55594781168517,0.23515363,-5.678681e-06
372,615.8482110660261,615.8482110660261u,78.47599703514611,78.47599703514611,0.22950761,-4.095814e-06
373,615.8482110660261,615.8482110660261u,112.88378916846884,112.88378916846884,0.22481039,-6.6700272e-06
374,615.8482110660261,615.8482110660261u,162.3776739188721,162.3776739188721,0.22090776,-1.0429918e-05
375,615.8482110660261,615.8482110660261u,233.57214690901213,233.57214690901213,0.21029124,-9.265284e-06
376,615.8482110660261,615.8482110660261u,335.9818286283781,335.9818286283781,0.19717963,-5.9682625e-06
377,615.8482110660261,615.8482110660261u,483.2930238571752,483.2930238571752,0.1808054,7.483485e-08
378,615.8482110660261,615.8482110660261u,695.1927961775606,695.1927961775606,0.16053286,-2.3090325e-07
379,615.8482110660261,615.8482110660261u,1000.0,1000.0,0.13768159,8.275146e-06
380,1000.0,1000.0u,1.0,1.0,0.20781341,3.36708e-06
381,1000.0,1000.0u,1.4384498882876628,1.4384498882876628,0.20707409,3.5277633e-06
382,1000.0,1000.0u,2.0691380811147897,2.0691380811147897,0.20838027,3.4153265e-06
383,1000.0,1000.0u,2.976351441631318,2.976351441631318,0.20760846,3.4910493e-06
384,1000.0,1000.0u,4.281332398719393,4.281332398719393,0.20720442,3.4394704e-06
385,1000.0,1000.0u,6.158482110660264,6.158482110660264,0.20714453,3.1733655e-06
386,1000.0,1000.0u,8.858667904100825,8.858667904100825,0.20657802,3.800656e-06
387,1000.0,1000.0u,12.742749857031335,12.742749857031335,0.20600908,3.9029096e-06
388,1000.0,1000.0u,18.329807108324356,18.329807108324356,0.20603988,3.2086895e-08
389,1000.0,1000.0u,26.366508987303583,26.366508987303583,0.20465434,1.3961358e-07
390,1000.0,1000.0u,37.926901907322495,37.926901907322495,0.20273876,-8.0405854e-08
391,1000.0,1000.0u,54.55594781168517,54.55594781168517,0.19993958,1.0622086e-07
392,1000.0,1000.0u,78.47599703514611,78.47599703514611,0.19606948,7.768117e-07
393,1000.0,1000.0u,112.88378916846884,112.88378916846884,0.19027673,1.5427067e-06
394,1000.0,1000.0u,162.3776739188721,162.3776739188721,0.18390216,2.8851612e-06
395,1000.0,1000.0u,233.57214690901213,233.57214690901213,0.1763106,3.2150544e-06
396,1000.0,1000.0u,335.9818286283781,335.9818286283781,0.16706172,1.908442e-06
397,1000.0,1000.0u,483.2930238571752,483.2930238571752,0.15633665,3.1838106e-06
398,1000.0,1000.0u,695.1927961775606,695.1927961775606,0.14365086,3.1267793e-06
399,1000.0,1000.0u,1000.0,1000.0,0.1302461,4.964066e-06
